start_borough,start_neighborhood,end_borough,end_neighborhood,total_trips,avg_trip_min,avg_temp_f,avg_wind_mps,avg_prcp_cm,peak_month
Manhattan,Chelsea and Clinton,Manhattan,Chelsea and Clinton,1236122,11.3,60.6,8.3,0.3,7
Manhattan,Lower East Side,Manhattan,Lower East Side,759999,9.6,59.8,8.9,0.3,9
Manhattan,Chelsea and Clinton,Manhattan,Gramercy Park and Murray Hill,467206,12.3,59.7,8.8,0.3,9
Manhattan,Gramercy Park and Murray Hill,Manhattan,Chelsea and Clinton,453468,12.6,59.6,8.9,0.3,9
Manhattan,Gramercy Park and Murray Hill,Manhattan,Gramercy Park and Murray Hill,396951,9.7,59.7,9.3,0.3,9
Manhattan,Greenwich Village and Soho,Manhattan,Greenwich Village and Soho,326446,10.7,61.4,7.5,0.3,9
Manhattan,Chelsea and Clinton,Manhattan,Lower East Side,306249,16.0,61.1,7.8,0.3,9
Manhattan,Lower East Side,Manhattan,Chelsea and Clinton,292472,15.4,60.8,8.0,0.3,9
Manhattan,Lower East Side,Manhattan,Greenwich Village and Soho,291493,11.9,60.8,7.9,0.3,9
Brooklyn,Northwest Brooklyn,Brooklyn,Northwest Brooklyn,281887,12.0,61.0,8.2,0.3,7
Manhattan,Greenwich Village and Soho,Manhattan,Lower East Side,275469,12.2,61.0,7.7,0.3,9
Manhattan,Chelsea and Clinton,Manhattan,Greenwich Village and Soho,253291,16.6,62.2,6.9,0.3,9
Manhattan,Gramercy Park and Murray Hill,Manhattan,Lower East Side,251007,14.4,61.0,7.9,0.3,9
Manhattan,Lower Manhattan,Manhattan,Lower Manhattan,245554,10.6,61.0,8.0,0.3,7
Manhattan,Greenwich Village and Soho,Manhattan,Chelsea and Clinton,242505,16.1,62.1,7.0,0.3,7
Manhattan,Lower East Side,Manhattan,Gramercy Park and Murray Hill,223631,14.0,60.9,8.0,0.3,9
Manhattan,Greenwich Village and Soho,Manhattan,Lower Manhattan,127691,14.0,62.2,7.0,0.3,7
Manhattan,Lower Manhattan,Manhattan,Greenwich Village and Soho,124833,14.6,62.3,6.8,0.3,8
Manhattan,Lower East Side,Manhattan,Lower Manhattan,115658,18.1,62.1,6.9,0.3,8
Manhattan,Lower Manhattan,Manhattan,Lower East Side,109317,19.0,62.3,6.7,0.3,8
Manhattan,Gramercy Park and Murray Hill,Manhattan,Greenwich Village and Soho,74040,19.6,62.1,6.6,0.3,9
Manhattan,Chelsea and Clinton,Manhattan,Lower Manhattan,66904,29.3,63.9,6.2,0.3,8
Manhattan,Greenwich Village and Soho,Manhattan,Gramercy Park and Murray Hill,66618,20.4,62.3,6.4,0.3,9
Manhattan,Lower Manhattan,Manhattan,Chelsea and Clinton,65074,29.3,64.2,5.7,0.3,8
Manhattan,Lower Manhattan,Brooklyn,Northwest Brooklyn,34325,27.7,63.7,5.5,0.3,7
Manhattan,Tribeca,Manhattan,Greenwich Village and Soho,33551,13.0,63.2,6.0,0.3,6
Brooklyn,Central Brooklyn,Brooklyn,Northwest Brooklyn,33188,12.2,61.1,8.6,0.3,7
Brooklyn,Northwest Brooklyn,Manhattan,Lower Manhattan,32643,23.7,63.6,5.3,0.3,8
Manhattan,Tribeca,Manhattan,Lower Manhattan,32214,12.0,62.7,6.7,0.3,7
Manhattan,Greenwich Village and Soho,Manhattan,Tribeca,32098,13.1,62.7,6.8,0.3,6
Brooklyn,Northwest Brooklyn,Brooklyn,Central Brooklyn,32022,13.1,61.3,7.8,0.4,6
Manhattan,Lower East Side,Brooklyn,Northwest Brooklyn,31730,25.4,60.4,9.6,0.3,6
Manhattan,Chelsea and Clinton,Manhattan,Tribeca,31658,24.8,64.9,4.2,0.3,6
Manhattan,Upper West Side,Manhattan,Chelsea and Clinton,29985,15.8,62.5,5.7,0.3,7
Manhattan,Chelsea and Clinton,Manhattan,Upper West Side,29835,19.4,62.3,5.8,0.3,8
Manhattan,Gramercy Park and Murray Hill,Manhattan,Lower Manhattan,29725,30.7,63.4,5.7,0.3,8
Brooklyn,Northwest Brooklyn,Manhattan,Lower East Side,29082,23.7,59.9,10.4,0.3,8
Manhattan,Lower Manhattan,Manhattan,Gramercy Park and Murray Hill,29078,30.8,63.7,5.4,0.3,8
Manhattan,Tribeca,Manhattan,Chelsea and Clinton,28740,23.9,65.1,4.6,0.3,6
Brooklyn,Greenpoint,Brooklyn,Greenpoint,28738,20.2,62.4,7.1,0.3,8
Manhattan,Lower Manhattan,Manhattan,Tribeca,28665,12.0,62.6,7.1,0.3,6
Manhattan,Lower East Side,Brooklyn,Greenpoint,22951,23.2,63.9,5.1,0.4,6
Brooklyn,Northwest Brooklyn,Brooklyn,Greenpoint,21459,25.1,63.0,6.5,0.3,6
Brooklyn,Greenpoint,Manhattan,Lower East Side,20162,22.6,63.5,5.6,0.3,6
Brooklyn,Greenpoint,Brooklyn,Northwest Brooklyn,19716,24.0,63.5,5.9,0.3,8
Manhattan,Greenwich Village and Soho,Brooklyn,Northwest Brooklyn,18648,30.2,62.0,8.1,0.3,8
Brooklyn,Northwest Brooklyn,Manhattan,Greenwich Village and Soho,17319,26.3,61.5,9.0,0.3,9
Brooklyn,Central Brooklyn,Brooklyn,Central Brooklyn,13004,11.5,59.5,10.2,0.4,8
Manhattan,Gramercy Park and Murray Hill,Manhattan,Upper West Side,10879,19.7,61.0,7.4,0.3,9
Manhattan,Chelsea and Clinton,Brooklyn,Northwest Brooklyn,10634,39.2,59.7,13.7,0.3,9
Brooklyn,Northwest Brooklyn,Manhattan,Chelsea and Clinton,10622,38.0,58.3,14.0,0.3,3
Manhattan,Upper West Side,Manhattan,Gramercy Park and Murray Hill,10483,17.5,61.3,8.2,0.3,9
Manhattan,Greenwich Village and Soho,Brooklyn,Greenpoint,8748,26.9,64.3,4.1,0.4,6
Manhattan,Gramercy Park and Murray Hill,Brooklyn,Northwest Brooklyn,8706,34.8,60.1,10.1,0.3,8
Brooklyn,Greenpoint,Manhattan,Greenwich Village and Soho,8584,25.4,63.1,5.4,0.3,6
Manhattan,Tribeca,Manhattan,Lower East Side,8191,24.3,64.2,5.5,0.3,6
Manhattan,Lower East Side,Manhattan,Tribeca,8075,22.4,63.9,6.1,0.3,6
Brooklyn,Northwest Brooklyn,Manhattan,Gramercy Park and Murray Hill,8055,33.9,59.1,13.3,0.3,9
Manhattan,Gramercy Park and Murray Hill,Manhattan,Upper East Side,7850,12.9,61.1,7.4,0.3,9
Manhattan,Tribeca,Manhattan,Tribeca,7166,19.7,65.8,4.7,0.4,6
Manhattan,Upper East Side,Manhattan,Gramercy Park and Murray Hill,7133,12.8,61.6,6.4,0.3,7
Manhattan,Upper West Side,Manhattan,Upper West Side,5710,42.3,64.9,3.5,0.4,8
Brooklyn,Central Brooklyn,Brooklyn,Greenpoint,4923,25.2,63.3,6.4,0.3,6
Manhattan,Upper East Side,Manhattan,Chelsea and Clinton,4767,20.4,61.5,8.0,0.3,7
Manhattan,Gramercy Park and Murray Hill,Manhattan,Tribeca,4541,29.7,63.4,4.6,0.3,9
Brooklyn,Greenpoint,Brooklyn,Central Brooklyn,4456,22.6,63.6,5.3,0.4,6
Manhattan,Chelsea and Clinton,Manhattan,Upper East Side,4250,23.5,61.3,7.1,0.3,9
Manhattan,Tribeca,Manhattan,Gramercy Park and Murray Hill,4009,31.0,63.8,5.4,0.3,9
Manhattan,Gramercy Park and Murray Hill,Brooklyn,Greenpoint,3961,35.9,63.8,4.8,0.4,6
Manhattan,Chelsea and Clinton,Brooklyn,Greenpoint,3831,55.9,64.6,5.4,0.4,8
Brooklyn,Greenpoint,Manhattan,Chelsea and Clinton,3729,43.0,64.6,5.1,0.3,7
Brooklyn,Greenpoint,Manhattan,Gramercy Park and Murray Hill,3444,33.6,64.2,4.6,0.3,7
Manhattan,Lower Manhattan,Brooklyn,Greenpoint,3429,31.7,64.0,5.2,0.4,7
Manhattan,Upper West Side,Manhattan,Lower East Side,3342,32.7,63.4,6.5,0.3,7
Brooklyn,Greenpoint,Manhattan,Lower Manhattan,3317,31.0,63.1,5.3,0.3,6
Manhattan,Upper West Side,Manhattan,Greenwich Village and Soho,3154,32.4,64.3,5.1,0.3,6
Manhattan,Lower East Side,Brooklyn,Central Brooklyn,2715,35.3,63.9,5.8,0.3,6
Manhattan,Greenwich Village and Soho,Manhattan,Upper West Side,2610,39.6,64.6,5.6,0.3,8
Manhattan,Lower East Side,Manhattan,Upper West Side,2574,34.0,63.2,5.4,0.3,7
Brooklyn,Central Brooklyn,Manhattan,Lower East Side,2368,37.2,63.6,6.2,0.3,8
Manhattan,Lower East Side,Manhattan,Upper East Side,2214,23.0,61.8,5.8,0.3,7
Manhattan,Upper East Side,Manhattan,Lower East Side,2181,23.9,61.8,9.2,0.3,9
Brooklyn,Central Brooklyn,Manhattan,Greenwich Village and Soho,1702,31.5,61.7,7.5,0.3,9
Manhattan,Greenwich Village and Soho,Brooklyn,Central Brooklyn,1610,43.0,63.3,5.6,0.4,6
Brooklyn,Central Brooklyn,Manhattan,Lower Manhattan,1572,31.3,62.9,5.7,0.3,8
Manhattan,Lower Manhattan,Brooklyn,Central Brooklyn,1559,31.2,63.5,5.4,0.3,7
Manhattan,Tribeca,Brooklyn,Northwest Brooklyn,1452,29.8,61.9,10.2,0.3,8
Manhattan,Upper West Side,Manhattan,Lower Manhattan,1110,45.5,65.7,5.7,0.3,7
Brooklyn,Northwest Brooklyn,Manhattan,Tribeca,1109,25.6,61.3,12.7,0.3,6
Brooklyn,Central Brooklyn,Manhattan,Chelsea and Clinton,1088,35.9,56.9,11.3,0.3,4
Manhattan,Lower Manhattan,Manhattan,Upper West Side,923,50.2,65.8,4.8,0.4,7
Manhattan,Upper East Side,Manhattan,Greenwich Village and Soho,670,32.8,63.6,5.9,0.3,8
Manhattan,Chelsea and Clinton,Brooklyn,Central Brooklyn,669,54.1,62.2,10.6,0.5,9
Manhattan,Lower Manhattan,Manhattan,Upper East Side,644,36.4,63.6,5.3,0.3,7
Manhattan,Upper East Side,Manhattan,Upper East Side,639,28.5,65.2,6.0,0.3,6
Manhattan,Gramercy Park and Murray Hill,Brooklyn,Central Brooklyn,636,43.4,64.6,6.9,0.4,8
Manhattan,Greenwich Village and Soho,Manhattan,Upper East Side,631,31.1,62.5,2.1,0.3,10
Brooklyn,Central Brooklyn,Manhattan,Gramercy Park and Murray Hill,608,41.6,64.6,6.3,0.3,7
Manhattan,Upper West Side,Manhattan,Tribeca,565,33.8,66.1,6.5,0.4,8
Manhattan,Upper East Side,Manhattan,Lower Manhattan,338,39.8,64.9,3.6,0.2,6
Manhattan,Tribeca,Manhattan,Upper West Side,297,40.4,65.7,10.6,0.4,7
Manhattan,Upper West Side,Manhattan,Upper East Side,275,15.6,59.3,5.8,0.3,6
Brooklyn,Greenpoint,Manhattan,Tribeca,204,35.9,62.3,7.2,0.3,9
Manhattan,Tribeca,Brooklyn,Greenpoint,196,33.1,62.7,2.2,0.4,9
Manhattan,Upper East Side,Manhattan,Upper West Side,191,21.0,60.6,7.6,0.3,6
Manhattan,Upper West Side,Brooklyn,Northwest Brooklyn,190,57.3,65.1,7.4,0.2,6
Manhattan,Upper East Side,Brooklyn,Greenpoint,164,42.9,65.5,2.0,0.3,6
Brooklyn,Northwest Brooklyn,Manhattan,Upper West Side,137,56.8,63.0,9.5,0.3,7
Brooklyn,Northwest Brooklyn,Manhattan,Upper East Side,132,37.5,56.4,10.1,0.3,7
Brooklyn,Central Brooklyn,Manhattan,Tribeca,119,33.5,65.2,10.6,0.2,6
Manhattan,Upper East Side,Brooklyn,Northwest Brooklyn,96,49.8,61.4,7.5,0.2,6
Manhattan,Tribeca,Brooklyn,Central Brooklyn,85,34.2,66.5,7.9,0.4,6
Brooklyn,Greenpoint,Manhattan,Upper East Side,77,46.8,64.5,2.1,0.3,5
Manhattan,Tribeca,Manhattan,Upper East Side,68,37.3,55.5,32.4,0.5,10
Manhattan,Upper West Side,Brooklyn,Greenpoint,48,45.2,63.2,2.1,0.3,6
Manhattan,Upper East Side,Manhattan,Tribeca,44,38.5,58.7,2.3,0.3,10
Brooklyn,Greenpoint,Manhattan,Upper West Side,34,56.4,63.1,2.0,0.5,5
Manhattan,Upper East Side,Brooklyn,Central Brooklyn,5,131.3,73.0,2.6,0.1,6
Manhattan,Upper West Side,Brooklyn,Central Brooklyn,4,65.7,71.2,1.8,0.9,6
Brooklyn,Central Brooklyn,Manhattan,Upper East Side,4,77.1,68.5,2.1,0.9,9
Brooklyn,Central Brooklyn,Manhattan,Upper West Side,1,60.4,53.1,2.9,2.6,10
