APP_GROUP_ID,CAMPAIGN_ID,MESSAGE_VARIATION_ID,PLATFORM,AD_TRACKING_ENABLED,DEVICE_MODEL,CARRIER,BROWSER,PUSH_NOTIFICATION_SENDS,UNIQUE_PUSH_NOTIFICATION_SENDS,PUSH_NOTIFICATION_BOUNCED,UNIQUE_PUSH_NOTIFICATION_BOUNCED,PUSH_NOTIFICATION_OPEN,UNIQUE_PUSH_NOTIFICATION_OPENED,PUSH_NOTIFICATION_INFLUENCED_OPEN,UNIQUE_PUSH_NOTIFICATION_INFLUENCED_OPEN
OkIYT1HbF7u,00FmtVG76x3OgRI,7N01X9jhqjIeQJf,ios,True,,,,1,1,0,0,0,0,0,0
OkIYT1HbF7u,02dZmoCT9b0jrzV,SIICRiCpmAuEfrq,ios,True,,,,1,1,0,0,0,0,0,0
,04rMi9CjrITt2ND,yf6R1in2w1KQxNr,ios,,,,,0,0,0,0,0,0,1,1
OkIYT1HbF7u,0BdNnZAXDrhhEpf,0QO3O0fEG8jB5a3,ios,True,,,,1,1,0,0,0,0,0,0
OkIYT1HbF7u,0EWFp3UrKoyqzKL,60ODCcVeVZwUN2U,android,True,,,,1,1,0,0,0,0,0,0
JyWFOSKn8bq,0EWFp3UrKoyqzKL,60ODCcVeVZwUN2U,ios,True,SAMSUNG GALAXY NOTE 10/10 PLUS,9aaIFNL,DoyKLP8,0,0,0,0,1,1,0,0
JyWFOSKn8bq,0Fpyl3hEySfA6SE,5T3kEo8VUWGbl0P,ios,True,,,,1,1,0,0,0,0,0,0
JyWFOSKn8bq,0H2cCaquoDCQVkI,V3hPVg8ohCcuvTC,android,True,,,,1,1,0,0,0,0,0,0
OkIYT1HbF7u,0MvA2QGdsmEOBxR,wBd3JVPtwmy0RTa,ios,True,SAMSUNG GALAXY NOTE 10/10 PLUS,kuGYzTP,UUjVTfq,0,0,0,0,1,1,0,0
JyWFOSKn8bq,0V4FNuCkXiJSdtb,c7Fu6v9JySiYoxx,ios,True,,,,1,1,0,0,0,0,0,0
JyWFOSKn8bq,0YCpDDVd4bJ9jxy,XhaoQuwc6hOlitl,android,True,,,,1,1,0,0,0,0,0,0
JyWFOSKn8bq,0ZcysR9Cg9O7iYF,YhmPVryZXpFa0JC,android,True,,,,1,1,0,0,0,0,0,0
JyWFOSKn8bq,0ZcysR9Cg9O7iYF,YhmPVryZXpFa0JC,ios,True,,,,1,1,0,0,0,0,0,0
JyWFOSKn8bq,0ZcysR9Cg9O7iYF,YhmPVryZXpFa0JC,ios,True,APPLE IPHONE XS MAX,0SdS7ev,v84XkJh,0,0,0,0,1,1,0,0
JyWFOSKn8bq,0aMev40GVVJ8Qfg,8NyvVkVyUtde4ny,android,True,,,,1,1,0,0,0,0,0,0
JyWFOSKn8bq,0hNQuIN5EP71r1L,7gofbDW9KPPsdZg,android,True,,,,2,2,0,0,0,0,0,0
JyWFOSKn8bq,0lBnDD8smhR8YuF,DJF14nFokGKhiXv,ios,True,,,,1,1,0,0,0,0,0,0
JyWFOSKn8bq,0nyHi7nFKSTR94A,ZNT9Exq4O3sVwJR,android,True,HUAWEI P30 PRO,MY9es1N,fnL79nD,0,0,0,0,1,1,0,0
JyWFOSKn8bq,0nyHi7nFKSTR94A,ZNT9Exq4O3sVwJR,android,True,,,,1,1,0,0,0,0,0,0
JyWFOSKn8bq,0qJS7L6A0s88A2u,kUGfHYrT8tcCYtq,ios,True,,,,1,1,0,0,0,0,0,0
,0qXgLsj7WbU33lj,v0qRZBHEKI2Ouic,android,,,,,0,0,0,0,0,0,1,1
JyWFOSKn8bq,0qXgLsj7WbU33lj,v0qRZBHEKI2Ouic,ios,True,,,,1,1,0,0,0,0,0,0
OkIYT1HbF7u,0sk9Urbq2XH1Hnx,37RhBK8uMTM7i32,ios,True,,,,1,1,0,0,0,0,0,0
OkIYT1HbF7u,0y903DVXZ93QMCg,7JfBYfH9CUw8FaW,android,True,,,,1,1,0,0,0,0,0,0
OkIYT1HbF7u,0yRFYFwuUun4TUj,6marxfaIAeW2r9g,ios,True,,,,1,1,0,0,0,0,0,0
OkIYT1HbF7u,121Ywnu8TSvd914,DFqIeFLVfQIa0RK,android,True,,,,1,1,0,0,0,0,0,0
JyWFOSKn8bq,121Ywnu8TSvd914,DFqIeFLVfQIa0RK,ios,True,,,,1,1,0,0,0,0,0,0
OkIYT1HbF7u,16wDuTVJbFmU5FV,78ATdfcCM0aclfz,android,True,HUAWEI P30 PRO,pY1LtRK,hmUx1Jd,0,0,0,0,1,1,0,0
OkIYT1HbF7u,18NIF4RNrBt9eos,3NSo7gkRyrMqu2b,ios,True,APPLE IPHONE XS MAX,NNfXFyQ,I0MidYR,0,0,0,0,1,1,0,0
,18b0Ejh4tiCVafe,2ZwhHEB8WP3qqY3,ios,,,,,0,0,0,0,0,0,1,1
OkIYT1HbF7u,1ILvfF9WlsaGbco,8WoTFNO4rPn5JXG,ios,True,,,,1,1,0,0,0,0,0,0
OkIYT1HbF7u,1IUeDyFKyD2D1l1,B3x752wBpPFt19h,ios,True,,,,1,1,0,0,0,0,0,0
OkIYT1HbF7u,1QUD2znYcGOLaWH,MXqpaThQRlsADdy,android,True,,,,1,1,0,0,0,0,0,0
OkIYT1HbF7u,1UjYh45C9Sk2TT9,a04BRhmrHQO4fOz,android,True,,,,1,1,0,0,0,0,0,0
OkIYT1HbF7u,1V2gkRwaexCe4UX,CZyHi35Bi6rTRho,android,True,,,,1,1,0,0,0,0,0,0
JyWFOSKn8bq,1Vtap1W5VKmetN3,5SZMmBhn23ss5SX,ios,True,,,,1,1,0,0,0,0,0,0
OkIYT1HbF7u,1acT8SUlyCzrzdK,9F7w2JrmIBj19Io,android,True,,,,1,1,0,0,0,0,0,0
OkIYT1HbF7u,1b4Crn3LDcPJFfY,hyaSPZp13KCKzM7,ios,True,,,,1,1,0,0,0,0,0,0
OkIYT1HbF7u,1cUjLwPf14LnEmL,z6gGVhLdbk4nOjL,ios,True,,,,1,1,0,0,0,0,0,0
JyWFOSKn8bq,1elhVGLruxyeODb,xnNUU3lqbCGXSG9,android,True,,,,1,1,0,0,0,0,0,0
JyWFOSKn8bq,1iEeGfHFgMaZYdR,LPVKJkn1nmsbL2q,ios,True,,,,1,1,0,0,0,0,0,0
JyWFOSKn8bq,1jcZRwnpERtHH8l,7gIubqmUP1CEDC3,android,True,,,,1,1,0,0,0,0,0,0
OkIYT1HbF7u,1k3wJg9j7hQJRg0,dxVoeDNhQBwGhHv,ios,True,,,,1,1,0,0,0,0,0,0
OkIYT1HbF7u,1mYtKqCBYPsHGA3,qnkUTJoiTaMhPiX,android,True,,,,1,1,0,0,0,0,0,0
OkIYT1HbF7u,1wy7UJpS4gEPZfV,d0tMxXelFz2WHhl,ios,True,,,,1,1,0,0,0,0,0,0
JyWFOSKn8bq,1xm0c9sUanHCekx,Tr9RbwWuR7ozg2n,android,True,,,,1,1,0,0,0,0,0,0
OkIYT1HbF7u,1zoB7lrXR8ogwbF,Vyi3mkcZCe71Iev,ios,True,,,,1,1,0,0,0,0,0,0
OkIYT1HbF7u,20hyfGkLDTbBhkT,hx4ZnyHDE8PDtgr,android,True,,,,1,1,0,0,0,0,0,0
JyWFOSKn8bq,21BTbMUPFJvmXmb,jTFrURaBoh6RdZ9,android,True,,,,1,1,0,0,0,0,0,0
JyWFOSKn8bq,29MOKIcX8G5S1Co,V4zRW6nFEF52srw,android,True,,,,1,1,0,0,0,0,0,0
OkIYT1HbF7u,29MOKIcX8G5S1Co,V4zRW6nFEF52srw,ios,True,,,,1,1,0,0,0,0,0,0
OkIYT1HbF7u,29miTnCSqMsxc19,q2h259o65gaabzQ,ios,True,,,,1,1,0,0,0,0,0,0
OkIYT1HbF7u,2Cyt12F0WeFZI8G,kUQcQTtArYwKAKa,android,True,,,,1,1,0,0,0,0,0,0
JyWFOSKn8bq,2EB60m45jtz4h8z,OzezB6nXkBpv2pT,android,True,,,,1,1,0,0,0,0,0,0
OkIYT1HbF7u,2HLFcr5pfOsq4P8,o8bUITeJpGPEMcV,android,True,APPLE IPHONE XS MAX,qCXiYgx,HNAaF07,0,0,0,0,1,1,0,0
,2J5OtlPwkkoLTov,f6lpK0hzshWEpdL,android,,,,,0,0,0,0,0,0,1,1
OkIYT1HbF7u,2J5OtlPwkkoLTov,f6lpK0hzshWEpdL,android,True,,,,1,1,0,0,0,0,0,0
OkIYT1HbF7u,2LB07HwSsDF3GKt,qfwebQNkZPvKbjK,ios,True,,,,1,1,0,0,0,0,0,0
OkIYT1HbF7u,2LEY6U3jOXnRr57,vFMEtGqmYPuhnYh,ios,True,,,,1,1,0,0,0,0,0,0
JyWFOSKn8bq,2LvkArtMFWi5Ew7,H20vC9E6gMHS13z,android,True,,,,1,1,0,0,0,0,0,0
OkIYT1HbF7u,2Qfe0LdjYeSdkGH,1NdPFAY1IuM3lp3,ios,True,,,,1,1,0,0,0,0,0,0
,2VihKCsIuwgzRSm,HioAyDu0dHFVwWz,ios,,,,,0,0,0,0,0,0,1,1
JyWFOSKn8bq,2WGyXwBpN9XzzpF,ZE1N7pJ2vd64F0X,android,True,,,,1,1,0,0,0,0,0,0
OkIYT1HbF7u,2Y3N7YSaE8deBzk,o5Phmfl7OsJghcy,android,True,,,,1,1,0,0,0,0,0,0
,2Y8NMPufhGqDBnt,APOd7pDrAgk3x2r,ios,,,,,0,0,0,0,0,0,1,1
JyWFOSKn8bq,2Z2uOjN1NbF1Jf9,V3PIBp68PhRJrAW,android,True,,,,1,1,0,0,0,0,0,0
,2biu75SHRVlxCNr,zYJfGhkeyTWAedp,ios,,,,,0,0,0,0,0,0,1,1
JyWFOSKn8bq,2dvTAarvpJad6mT,lRUslx0ZJX3AT6G,ios,True,SAMSUNG GALAXY NOTE 10/10 PLUS,xjFtlKw,n9B5mN3,0,0,0,0,1,1,0,0
JyWFOSKn8bq,2e5BcEHXWrPPkh0,FRSS1hi9AbnXsH7,ios,True,HUAWEI P30 PRO,vFvDqYS,eFMqLsb,0,0,0,0,1,1,0,0
OkIYT1HbF7u,2owAqspsHL1edS9,8cciSHF4eZvY0YW,android,True,APPLE IPHONE XS MAX,fvdm4Fy,0FCKdvs,0,0,0,0,1,1,0,0
OkIYT1HbF7u,2rN4U4xcAXdp1fv,exk1us9w6wn94Bc,ios,True,APPLE IPHONE XS MAX,WgtK0sN,OxNVa1A,0,0,0,0,1,1,0,0
JyWFOSKn8bq,2tt6miLXcSuMWTM,B8nFznH8SBpHpx3,ios,True,,,,1,1,0,0,0,0,0,0
JyWFOSKn8bq,2xhJqNQF4Qhf6WJ,xEF7nZmbLGujQmY,android,True,,,,1,1,0,0,0,0,0,0
JyWFOSKn8bq,2ycDIlKehYxqAH0,kT6QKnDKfhlqzVD,ios,True,SAMSUNG GALAXY NOTE 10/10 PLUS,UqqzE8V,dBeCtUX,0,0,0,0,1,1,0,0
OkIYT1HbF7u,2zTrKvnFZ2YR8EU,BGQ20yMaFw8qh5H,ios,True,,,,1,1,0,0,0,0,0,0
OkIYT1HbF7u,31kP1d06v4fubnK,0SkfHswpgKiCUy4,android,True,SAMSUNG GALAXY NOTE 10/10 PLUS,wlDxynx,oZ5fp18,0,0,0,0,1,1,0,0
OkIYT1HbF7u,325SLbYiCnSfbLE,tKG63jE9l394dzZ,ios,True,HUAWEI P30 PRO,j5d2YCb,1l5Fm7B,0,0,0,0,1,1,0,0
JyWFOSKn8bq,34DZxKE2gM2nRyR,0B6elmDlFg268ga,ios,True,,,,1,1,0,0,0,0,0,0
OkIYT1HbF7u,367Kvoi1Je3fdSp,4GOYXOEzBlWIzAj,android,True,APPLE IPHONE XS MAX,tP2Uaqs,EoQbqf8,0,0,0,0,1,1,0,0
OkIYT1HbF7u,37sUXwfs9VBiaJP,2kCpyzH7qIuCEAI,ios,True,,,,1,1,0,0,0,0,0,0
JyWFOSKn8bq,38GSQEBMe2dtMb0,BZO6nn91tlSC8by,android,True,,,,1,1,0,0,0,0,0,0
JyWFOSKn8bq,3E9jpfmyIL7zxQV,e0R0Tt4nP8nPGZD,android,True,,,,1,1,0,0,0,0,0,0
OkIYT1HbF7u,3E9jpfmyIL7zxQV,e0R0Tt4nP8nPGZD,ios,True,,,,1,1,0,0,0,0,0,0
OkIYT1HbF7u,3GrKvKVanwsNORO,uoI4sNNrWLE6pkg,android,True,,,,1,1,0,0,0,0,0,0
,3GrKvKVanwsNORO,uoI4sNNrWLE6pkg,android,,,,,0,0,0,0,0,0,1,1
,3I68lK5nG8ZNNCM,AthtUYylmXv4mWM,android,,,,,0,0,0,0,0,0,1,1
OkIYT1HbF7u,3MZZwGT52JAWJUo,iXbZJGbk8PXX49K,android,True,APPLE IPHONE XS MAX,SlH70sm,y9X2QqY,0,0,0,0,1,1,0,0
JyWFOSKn8bq,3P2DmqvIxySkKcj,XeK1JqQKw86k6I3,android,True,,,,1,1,0,0,0,0,0,0
OkIYT1HbF7u,3SqmhqNbFIKu1O6,NRMaOQ4dIuzQrXL,android,True,,,,1,1,0,0,0,0,0,0
JyWFOSKn8bq,3Z1tPEl7dLZQadb,37kN4ATDIDEHpDE,ios,True,APPLE IPHONE XS MAX,JrCc4dh,YqfzRkc,0,0,0,0,1,1,0,0
OkIYT1HbF7u,3bmHEt2QjYfOjZF,MXrfigwfPYQhbQ3,android,True,,,,1,1,0,0,0,0,0,0
JyWFOSKn8bq,3cPD0jgxDUGAP7C,9y5LGn6NqsoWb7q,android,True,,,,1,1,0,0,0,0,0,0
OkIYT1HbF7u,3fEOJ6ADZV3eU00,O1GUWedFCjqWwUd,android,True,,,,1,1,0,0,0,0,0,0
,3jH1TaONSHnT1Co,JCd0Nyy42QXJ7YF,android,,,,,0,0,0,0,0,0,1,1
,3l0x2xYubp9wDqE,CRMJM6RgdVxzdUW,android,,,,,0,0,0,0,0,0,1,1
JyWFOSKn8bq,3qE7Qbvp272Srxp,HuzfRO1Ug08ngHk,ios,True,HUAWEI P30 PRO,vGcCdAd,vZ4Magc,0,0,0,0,1,1,0,0
OkIYT1HbF7u,3veP95DEMxABHRF,1PZ5NqBdTCpWHw1,ios,True,,,,1,1,0,0,0,0,0,0
JyWFOSKn8bq,3xcOPYXVOIg9Znf,96YfSdCgRj6xv3o,android,True,,,,1,1,0,0,0,0,0,0
JyWFOSKn8bq,426M0mEFiV6et6D,SZjcFiyMbo70A2i,ios,True,,,,1,1,0,0,0,0,0,0
JyWFOSKn8bq,43s2pOcXiiuW1YB,EosaZd4yDc3OHbI,android,True,,,,1,1,0,0,0,0,0,0
,48VssI9b2bCSRoS,rk4gp8DRFMADaSn,ios,,,,,0,0,0,0,0,0,2,2
OkIYT1HbF7u,4DryYMQfKHfLw92,HfCcnVz0fYTWlSI,android,True,,,,1,1,0,0,0,0,0,0
OkIYT1HbF7u,4FbZ0LqzCLCcBZa,Y42FYy3YLB8xihX,ios,True,APPLE IPHONE XS MAX,AEeLKXC,eT1dXTX,0,0,0,0,1,1,0,0
OkIYT1HbF7u,4Iv1U0zmkzOJNst,LGGdZdPfvSVYhSq,android,True,,,,1,1,0,0,0,0,0,0
OkIYT1HbF7u,4KtjZHRbquRsZpB,sQj1tSEBbZFxuc4,android,True,,,,1,1,0,0,0,0,0,0
JyWFOSKn8bq,4OA7IWBtwptNLQ6,hBA1HYuyVO4f7pF,ios,True,APPLE IPHONE XS MAX,ZClZSRx,V6rbmvP,0,0,0,0,1,1,0,0
JyWFOSKn8bq,4c5dRJKybz8tKHG,1R9NiUiRY9NymsX,android,True,,,,1,1,0,0,0,0,0,0
OkIYT1HbF7u,4c5dRJKybz8tKHG,1R9NiUiRY9NymsX,android,True,SAMSUNG GALAXY NOTE 10/10 PLUS,hSH9XnO,Ouvrt2p,0,0,0,0,1,1,0,0
JyWFOSKn8bq,4lkKgoBBDAUIkth,jD8GJDWxtvrRhvA,android,True,,,,1,1,0,0,0,0,0,0
OkIYT1HbF7u,4lxiHNlyQhCo0KF,72AXQ0mZ0SWdDJy,android,True,,,,1,1,0,0,0,0,0,0
JyWFOSKn8bq,4zktMoEa3wiGMUQ,BYmitgIRAh1oL0w,ios,True,,,,1,1,0,0,0,0,0,0
OkIYT1HbF7u,4zktMoEa3wiGMUQ,BYmitgIRAh1oL0w,ios,True,,,,1,1,0,0,0,0,0,0
JyWFOSKn8bq,50uqZ9dGDzaOWgB,euQ2QRYQVmtFI8a,android,True,APPLE IPHONE XS MAX,HX7gxgB,m7lszAF,0,0,0,0,1,1,0,0
,51BYWdBtxDiYpIw,CuzNG8TNOQWo0IJ,ios,,,,,0,0,0,0,0,0,1,1
JyWFOSKn8bq,52BYQRTT9smQGPu,ZX6KHApqA9tLUZU,android,True,,,,1,1,0,0,0,0,0,0
OkIYT1HbF7u,52Sf0GTa2egGtFa,cFYmT9UWORwpXP9,android,True,SAMSUNG GALAXY NOTE 10/10 PLUS,o7oXkLj,8IqHRNK,0,0,0,0,1,1,0,0
JyWFOSKn8bq,57OtrUboLU6Tt9O,RhEhEcin2Bjn64i,ios,True,,,,2,2,0,0,0,0,0,0
OkIYT1HbF7u,5EXbKAEl9jgMjHj,DJHGiDlPSvjA3DG,android,True,,,,1,1,0,0,0,0,0,0
OkIYT1HbF7u,5FzkR5C3iRV93Ua,3gLJcAHge5KrH4l,android,True,,,,1,1,0,0,0,0,0,0
JyWFOSKn8bq,5KYETsGtHBhmuCU,5iU8OlYg0JgZpnn,android,True,,,,1,1,0,0,0,0,0,0
JyWFOSKn8bq,5MSbgwfrQXxH8Ro,OQSzLcXPiqZjtqm,android,True,,,,1,1,0,0,0,0,0,0
OkIYT1HbF7u,5Mz4NbycX6YHajr,jjl4d0YlC7S4n3n,android,True,SAMSUNG GALAXY NOTE 10/10 PLUS,q7DfiDA,gD0G8DR,0,0,0,0,1,1,0,0
OkIYT1HbF7u,5NvyM95bZEqHqX4,JLiCzt5yazIgbRw,android,True,,,,1,1,0,0,0,0,0,0
OkIYT1HbF7u,5TIMxspna3nfycD,xDdkw5tLyE0HQrp,android,True,,,,1,1,0,0,0,0,0,0
OkIYT1HbF7u,5XZayT2kPTFIETa,WMiSsRvgYvtntSX,android,True,,,,1,1,0,0,0,0,0,0
JyWFOSKn8bq,5b9CxsFf7dKYJiR,TF8IVOn0y2VF2LV,ios,True,,,,1,1,0,0,0,0,0,0
OkIYT1HbF7u,5f9b9DPLJkZo0MY,fq2bU65H8qnxolP,android,True,,,,2,2,0,0,0,0,0,0
OkIYT1HbF7u,5l4af27pRb84v2q,hVVqRXHOLm5cumH,android,True,,,,1,1,0,0,0,0,0,0
JyWFOSKn8bq,5lgoe2j73E0tpLR,saZsCY8piwhI2rg,android,True,,,,1,1,0,0,0,0,0,0
JyWFOSKn8bq,5vK3tFGaGalhyrQ,UiLyLTkWCGl2okj,android,True,,,,1,1,0,0,0,0,0,0
JyWFOSKn8bq,5vQKbobidS9kswj,mj4weOTZUwZWoQF,android,True,HUAWEI P30 PRO,7GBlnJ0,0rXK4tB,0,0,0,0,1,1,0,0
OkIYT1HbF7u,5vU524sn2G6AkK2,z5P8HELzuFnYwbH,android,True,,,,1,1,0,0,0,0,0,0
OkIYT1HbF7u,5wYADpOa2oZFtSq,u3G6V6B622tLje4,android,True,,,,1,1,0,0,0,0,0,0
JyWFOSKn8bq,5wYADpOa2oZFtSq,u3G6V6B622tLje4,ios,True,,,,1,1,0,0,0,0,0,0
JyWFOSKn8bq,5zQvgw9vK3wxXc4,JyRJWwTI8ohD3mH,android,True,,,,1,1,0,0,0,0,0,0
OkIYT1HbF7u,5zswLdQnAcVHBoO,CIsF56awZRIjZeZ,ios,True,,,,1,1,0,0,0,0,0,0
JyWFOSKn8bq,68b5xsZ4YX0R5UX,2dYAvjvrqgroOGE,ios,True,SAMSUNG GALAXY NOTE 10/10 PLUS,pw9A8yi,hIx6Myv,0,0,0,0,1,1,0,0
JyWFOSKn8bq,69PXDuwogO2Tw0w,qH81twmJx0c1N5S,android,True,,,,1,1,0,0,0,0,0,0
,69PXDuwogO2Tw0w,qH81twmJx0c1N5S,ios,,,,,0,0,0,0,0,0,1,1
JyWFOSKn8bq,6GsaKFl1LzyTdSf,OBXFYnJMon0nrY1,android,True,,,,1,1,0,0,0,0,0,0
JyWFOSKn8bq,6I1tOzSdMBPbI9F,fYo5tQ2ECSrPXBE,android,True,,,,1,1,0,0,0,0,0,0
OkIYT1HbF7u,6I1tOzSdMBPbI9F,fYo5tQ2ECSrPXBE,ios,True,,,,1,1,0,0,0,0,0,0
,6JRjnWHJVem5UnR,W4OxAkl1cgSyywk,ios,,,,,0,0,0,0,0,0,1,1
JyWFOSKn8bq,6JhhmxeZRehUbHR,pR54lwj2JtvVmye,android,True,,,,1,1,0,0,0,0,0,0
,6JqmeFHwb79Hx7Q,S1wJ2qRuFHw7cxj,android,,,,,0,0,0,0,0,0,1,1
OkIYT1HbF7u,6Oo9aqCeEncHvaS,TxI1dfAJOkrqWvd,ios,True,,,,1,1,0,0,0,0,0,0
JyWFOSKn8bq,6PUxvbNpLUeQ4bK,pjEO8rRodyJGxC2,android,True,,,,1,1,0,0,0,0,0,0
JyWFOSKn8bq,6PUxvbNpLUeQ4bK,pjEO8rRodyJGxC2,ios,True,,,,1,1,0,0,0,0,0,0
JyWFOSKn8bq,6PW0Jl3wnBHqIbi,SOKlmI2U1mOozTR,ios,True,,,,1,1,0,0,0,0,0,0
OkIYT1HbF7u,6UzITY223EExmV0,ErDV4nW49yLF41W,android,True,,,,1,1,0,0,0,0,0,0
OkIYT1HbF7u,6WLoLibS4Pis9QZ,41CQHs4rGhxthxK,ios,True,SAMSUNG GALAXY NOTE 10/10 PLUS,OfbEzmJ,HwfJ7CI,0,0,0,0,1,1,0,0
JyWFOSKn8bq,6WM7MzMLUKysLS3,oDZX8xYPmwCa2YY,ios,True,APPLE IPHONE XS MAX,Imu4IZW,j7kn8NO,0,0,0,0,1,1,0,0
JyWFOSKn8bq,6YxXVoDwVuLEaAX,LuggsqWe0Xplo4o,android,True,,,,1,1,0,0,0,0,0,0
OkIYT1HbF7u,6YxXVoDwVuLEaAX,LuggsqWe0Xplo4o,android,True,,,,1,1,0,0,0,0,0,0
JyWFOSKn8bq,6ZIiviiopfapuQE,d7vdi0mpuaf7qUI,ios,True,APPLE IPHONE XS MAX,crmBcED,KhR5Kt4,0,0,0,0,1,1,0,0
JyWFOSKn8bq,6dny4vx4jzpBYtX,rUspnQvzr7JJ7pI,android,True,,,,1,1,0,0,0,0,0,0
OkIYT1HbF7u,6hXiv2Dc6iXXREN,3rgutox4NtbBGEq,ios,True,,,,1,1,0,0,0,0,0,0
OkIYT1HbF7u,6jLhUwqUXxEZ1eI,u1LkNe6fTw6thfo,android,True,,,,1,1,0,0,0,0,0,0
JyWFOSKn8bq,6jmyNQUwbOEIGfV,MlpbG0iZj4hW0gb,android,True,,,,1,1,0,0,0,0,0,0
JyWFOSKn8bq,6mVp0nlrgwR1ctB,rxgLXLKFo395mux,android,True,,,,1,1,0,0,0,0,0,0
OkIYT1HbF7u,6ngr0LIdq6CalJK,t80tEtnZZDaIlik,ios,True,,,,1,1,0,0,0,0,0,0
,6pVzH2Om8L4ZV9K,haVH0FVtc7YGg6L,ios,,,,,0,0,0,0,0,0,1,1
OkIYT1HbF7u,6vbImkbN14JMDCt,2dpLEiCO7bOFDmi,android,True,,,,1,1,0,0,0,0,0,0
OkIYT1HbF7u,6yM67tnZ29lQNYy,ESqE7VjNr9FIDTz,android,True,SAMSUNG GALAXY NOTE 10/10 PLUS,Ep7KikK,yrVVMKy,0,0,0,0,1,1,0,0
JyWFOSKn8bq,716pCDGrg7n7zBr,Cyg0a1gvoIIJk3e,ios,True,,,,1,1,0,0,0,0,0,0
JyWFOSKn8bq,73bwgJnbSaH8JYX,pnR3PgEnSvobFhE,android,True,,,,1,1,0,0,0,0,0,0
OkIYT1HbF7u,79YprUI2X1en0mr,zf1GKcI2Gv0iu1n,ios,True,APPLE IPHONE XS MAX,bH09003,AhDWr5G,0,0,0,0,1,1,0,0
JyWFOSKn8bq,7BSQDMLHdFqeKYt,BLCpTFsTPqfrd4f,ios,True,,,,1,1,0,0,0,0,0,0
OkIYT1HbF7u,7Bnvw1tQfz6OeOO,u641plm1BViGoUx,android,True,HUAWEI P30 PRO,2YkHKmw,hzwPsxt,0,0,0,0,1,1,0,0
OkIYT1HbF7u,7CU7qEc6RrdQ6TH,WHcccFwQ2LGNyfo,android,True,,,,1,1,0,0,0,0,0,0
OkIYT1HbF7u,7F13N7lSwRPSCW4,IGvsgJkugSVjj8s,android,True,,,,1,1,0,0,0,0,0,0
,7HoHW7cS9VofJNl,0dou8UfDz6fUFkU,android,,,,,0,0,0,0,0,0,1,1
,7HoHW7cS9VofJNl,0dou8UfDz6fUFkU,ios,,,,,0,0,0,0,0,0,1,1
JyWFOSKn8bq,7MhXyIMrecmQFOk,Q3oSDiXOu0WXZeZ,android,True,,,,1,1,0,0,0,0,0,0
OkIYT1HbF7u,7ToI5GrJuRFAggB,cOHaJ1MySZz9urp,ios,True,,,,1,1,0,0,0,0,0,0
JyWFOSKn8bq,7VAtJC07gw4OpXX,V1O9miFa0jUR7lJ,android,True,,,,1,1,0,0,0,0,0,0
JyWFOSKn8bq,7VDGurC2oF1CxlP,btILQd4VW6tp7jS,android,True,,,,1,1,0,0,0,0,0,0
JyWFOSKn8bq,7XHdG0uxhQnALDu,RQOBpIv3sZdeKAn,android,True,SAMSUNG GALAXY NOTE 10/10 PLUS,EhOJ038,1OFT3EJ,0,0,0,0,1,1,0,0
OkIYT1HbF7u,7bpCpQ0JzeI1xp6,Bof4w9iluV5Ocbm,ios,True,,,,1,1,0,0,0,0,0,0
JyWFOSKn8bq,7cNoO9fE8yJlQQw,sHdFeKXmehUnCx4,android,True,,,,1,1,0,0,0,0,0,0
JyWFOSKn8bq,7hEZxjFIazP9d91,od7Ckspk2xIehT7,ios,True,,,,1,1,0,0,0,0,0,0
OkIYT1HbF7u,7jfDfiGo8MaLWvE,JgnnVTfxjHdAsh7,ios,True,APPLE IPHONE XS MAX,NA67UXC,1XM9Drk,0,0,0,0,1,1,0,0
JyWFOSKn8bq,7n02i8Dlen7bgSC,lwD99knBr3Gm7SF,ios,True,,,,1,1,0,0,0,0,0,0
OkIYT1HbF7u,7qtp5k2r7dSBS01,wXYB09iNwbqZ9bt,android,True,,,,1,1,0,0,0,0,0,0
JyWFOSKn8bq,7qtp5k2r7dSBS01,wXYB09iNwbqZ9bt,android,True,HUAWEI P30 PRO,2ta6v38,cRpLVps,0,0,0,0,1,1,0,0
OkIYT1HbF7u,7x9UnresQHjwWxr,XsuVu3jbPGLsBMi,ios,True,,,,1,1,0,0,0,0,0,0
OkIYT1HbF7u,83MVOsSMQEGAlXE,S2AaqLau97AorBL,android,True,,,,1,1,0,0,0,0,0,0
OkIYT1HbF7u,83MVOsSMQEGAlXE,S2AaqLau97AorBL,android,True,HUAWEI P30 PRO,HQVQqh4,6WvmZUI,0,0,0,0,1,1,0,0
JyWFOSKn8bq,83q5KkIQQWemQIq,7kuILXCwskFW3fY,ios,True,,,,1,1,0,0,0,0,0,0
OkIYT1HbF7u,83q5KkIQQWemQIq,7kuILXCwskFW3fY,ios,True,,,,1,1,0,0,0,0,0,0
OkIYT1HbF7u,89C5mJFg75hoyl8,fCLgzXhTlnZ5hLb,ios,True,HUAWEI P30 PRO,5UCLVFE,NfiyiuB,0,0,0,0,1,1,0,0
OkIYT1HbF7u,8BWCS4yQJPOrpCa,SGpP4oMEoTygmuh,ios,True,,,,1,1,0,0,0,0,0,0
OkIYT1HbF7u,8CoBfQ8NwjGu56A,PjKOYGoMJzxH60C,ios,True,,,,1,1,0,0,0,0,0,0
JyWFOSKn8bq,8GDUWctQmPIzHCb,tyOfIjD3jYOoITq,android,True,,,,1,1,0,0,0,0,0,0
JyWFOSKn8bq,8LJEJsMajh8vXNZ,idGfoaUwMzmRUyH,ios,True,,,,1,1,0,0,0,0,0,0
OkIYT1HbF7u,8PilCp7qFtpDqSh,CwGo0ig09InslYC,ios,True,HUAWEI P30 PRO,K4IN70e,fPtKzbH,0,0,0,0,1,1,0,0
OkIYT1HbF7u,8VFcUNajwrGGoeN,pxf8O222sq6hjIg,android,True,,,,1,1,0,0,0,0,0,0
JyWFOSKn8bq,8VFcUNajwrGGoeN,pxf8O222sq6hjIg,android,True,,,,1,1,0,0,0,0,0,0
JyWFOSKn8bq,8aYWqsl25izpVx4,7yBFAfi3IqYPyRA,ios,True,,,,1,1,0,0,0,0,0,0
OkIYT1HbF7u,8eUry0mrzxvnxmn,ql84CZ3lrvD0rGQ,ios,True,,,,1,1,0,0,0,0,0,0
,8gc6utIqnwyCqZC,METpxeWEt3WTEaE,android,,,,,0,0,0,0,0,0,1,1
JyWFOSKn8bq,8jW24OUFjTePFGz,teH8444e1NPQrw4,ios,True,,,,1,1,0,0,0,0,0,0
OkIYT1HbF7u,8kLVcqydq8sBg8i,bwWECsaOABU7GhV,ios,True,,,,1,1,0,0,0,0,0,0
JyWFOSKn8bq,8qJLUB2wjJ5G6ob,5qNCK1QTpgIfTNs,android,True,,,,1,1,0,0,0,0,0,0
,8qO14jbw6BxmrjP,ylQUZa5suluCdxI,ios,,,,,0,0,0,0,0,0,1,1
JyWFOSKn8bq,8vV3w6VhcfV0uII,pd86qJOj0Bs5cZa,android,True,,,,1,1,0,0,0,0,0,0
JyWFOSKn8bq,8ylY2nsut7uH9B9,3CNeutIUak3GNSp,android,True,,,,1,1,0,0,0,0,0,0
JyWFOSKn8bq,91ZlZK5da2BuILz,nm1Oue5EHmtp5Zt,ios,True,,,,1,1,0,0,0,0,0,0
OkIYT1HbF7u,97pnPAvrkSeTENO,gTDsKRsptUnMDSM,android,True,APPLE IPHONE XS MAX,bvMUL6O,tLgSNsU,0,0,0,0,1,1,0,0
,97pnPAvrkSeTENO,gTDsKRsptUnMDSM,ios,,,,,0,0,0,0,0,0,1,1
OkIYT1HbF7u,9HNHh0SVmb27IyN,obbmMIxpqZW9hUb,ios,True,HUAWEI P30 PRO,lwtj2ZB,9Zxcto6,0,0,0,0,1,1,0,0
JyWFOSKn8bq,9IEMLJPLpg2Zfmk,R9iltqNCjLkb4Y6,ios,True,,,,1,1,0,0,0,0,0,0
OkIYT1HbF7u,9KQyE337OwpUofP,rceE4n8tFZkq6xD,ios,True,,,,1,1,0,0,0,0,0,0
OkIYT1HbF7u,9QcmIxZsYMPB7BW,ZOD9zsKIEpbl0P1,android,True,APPLE IPHONE XS MAX,z1TfoRG,8ED3JdD,0,0,0,0,1,1,0,0
OkIYT1HbF7u,9QcmIxZsYMPB7BW,ZOD9zsKIEpbl0P1,android,True,,,,1,1,0,0,0,0,0,0
OkIYT1HbF7u,9TZNW16wFig4Ip3,FG0C2dhy1zIW06Z,ios,True,,,,1,1,0,0,0,0,0,0
JyWFOSKn8bq,9TZNW16wFig4Ip3,FG0C2dhy1zIW06Z,ios,True,,,,1,1,0,0,0,0,0,0
JyWFOSKn8bq,9W6xo6vJwPDOb7Q,8pJP2nhadScysPA,android,True,,,,2,2,0,0,0,0,0,0
JyWFOSKn8bq,9WCto5H6icJrEiR,pOJm5Xl7QQ3fNO3,ios,True,,,,1,1,0,0,0,0,0,0
OkIYT1HbF7u,9WhhXOVdDaec6gI,sDNS08JqHii2aab,ios,True,,,,1,1,0,0,0,0,0,0
JyWFOSKn8bq,9XEU1lTzUuYmgp7,dsuWnXe5RVRRKPS,android,True,,,,1,1,0,0,0,0,0,0
OkIYT1HbF7u,9XfEMD6ekhKrb8q,GygjcQELNE0OmyP,ios,True,,,,1,1,0,0,0,0,0,0
OkIYT1HbF7u,9YKkPY71iJBABhC,QoSnOLunVDjQGt3,android,True,,,,1,1,0,0,0,0,0,0
JyWFOSKn8bq,9ZlP1KAqC36xEew,n4MWm918EQlHo2X,ios,True,APPLE IPHONE XS MAX,ST1rU2E,9V7uRpb,0,0,0,0,1,1,0,0
,9aybGxMrRQ11TEs,Fco2PIrK0jBi74B,android,,,,,0,0,0,0,0,0,1,1
OkIYT1HbF7u,9fGtom9WC0BRcEX,7eaPIO5esgIfeSj,android,True,APPLE IPHONE XS MAX,DGojYVq,F69me1C,0,0,0,0,1,1,0,0
JyWFOSKn8bq,9hUOFyjOrq05txh,tSP3noxWlPDYoTX,ios,True,,,,1,1,0,0,0,0,0,0
JyWFOSKn8bq,9hYUO7YooPg0VYR,MODgWlJyzR6qSK3,ios,True,APPLE IPHONE XS MAX,w9xJDYO,yw2Mafk,0,0,0,0,1,1,0,0
OkIYT1HbF7u,9jZJi9M80z1va5T,Uy2s8sxos6CFJZQ,ios,True,,,,1,1,0,0,0,0,0,0
JyWFOSKn8bq,9puM9nlEOiGEax0,w4o7UmEsuMxLOYU,ios,True,SAMSUNG GALAXY NOTE 10/10 PLUS,DffJUU0,PYtPNZl,0,0,0,0,1,1,0,0
JyWFOSKn8bq,A3gLrHYodyxy4xP,zxg4UyJFJp7B8TX,ios,True,,,,1,1,0,0,0,0,0,0
JyWFOSKn8bq,A6K3jhzHReETm6k,EmEzPGdgSXPNixb,android,True,,,,1,1,0,0,0,0,0,0
,A8ZBYTEgvBb2Xuc,QP3V0Uk7GucikYc,android,,,,,0,0,0,0,0,0,1,1
JyWFOSKn8bq,A9r7LJIWO1Vfqeh,nS51qLCM7qP7OL0,android,True,,,,1,1,0,0,0,0,0,0
JyWFOSKn8bq,AMsBOHv9WkNx09T,C6GOpQqihVYWFKk,ios,True,,,,1,1,0,0,0,0,0,0
OkIYT1HbF7u,AY20Z1H5WXQnrNw,LJ0sPkwIoYjYRin,android,True,,,,1,1,0,0,0,0,0,0
JyWFOSKn8bq,AZQeHSFmW1aRd7D,FaEHuDJqR0OZ8f1,ios,True,,,,1,1,0,0,0,0,0,0
JyWFOSKn8bq,Aaj5eKFfQi43o9s,sRIdvU7gDXlhe9v,android,True,,,,1,1,0,0,0,0,0,0
OkIYT1HbF7u,Ay9232IY8JEvpYu,6UjETqLGfyUxUN9,ios,True,,,,1,1,0,0,0,0,0,0
JyWFOSKn8bq,B2KHe6oCpDc4MvT,bUbUXDDTOCAIHBh,android,True,,,,1,1,0,0,0,0,0,0
OkIYT1HbF7u,B6OFDduk5yJRDT1,CNE8tcqi6YcRhb7,ios,True,,,,1,1,0,0,0,0,0,0
JyWFOSKn8bq,B8Z3oVO9BKFCYbK,qUvLAs016VIJQ4r,android,True,,,,1,1,0,0,0,0,0,0
JyWFOSKn8bq,BArkO1Ga6pPtfJF,yvdAmujKD5xUzBD,android,True,,,,1,1,0,0,0,0,0,0
JyWFOSKn8bq,BBZmsnyQS9i2lLF,iKuaGM9TH0TYWoF,android,True,,,,1,1,0,0,0,0,0,0
,BDhyMBxIzJcbZHx,vaT7t1hL3j35ghU,ios,,,,,0,0,0,0,0,0,1,1
OkIYT1HbF7u,BFS2UBCdomUxDvr,7JJGjuQtT5oxZTN,ios,True,,,,1,1,0,0,0,0,0,0
JyWFOSKn8bq,BGG0rbnXKUOJBho,1s6IcmIKtzbJ0Jn,android,True,,,,1,1,0,0,0,0,0,0
OkIYT1HbF7u,BJ2cScDWn91f7Uv,wednPpUgKRFoTsA,android,True,,,,1,1,0,0,0,0,0,0
JyWFOSKn8bq,BKWgxXNf79q46Cz,OeACxi7ONpxFQkJ,ios,True,,,,1,1,0,0,0,0,0,0
JyWFOSKn8bq,BPmypqHW5xlVDIa,YQzb2xvyJxs5XaA,ios,True,,,,1,1,0,0,0,0,0,0
,BQKgHso6EEoYsKQ,7knr6hdrxskYrVn,android,,,,,0,0,0,0,0,0,1,1
OkIYT1HbF7u,BQKgHso6EEoYsKQ,7knr6hdrxskYrVn,ios,True,APPLE IPHONE XS MAX,jGbuoPq,6EIdh4m,0,0,0,0,1,1,0,0
OkIYT1HbF7u,BVBHfzr1nihuoRJ,x77mVzjDWx8hV8e,android,True,,,,1,1,0,0,0,0,0,0
JyWFOSKn8bq,BVBHfzr1nihuoRJ,x77mVzjDWx8hV8e,ios,True,APPLE IPHONE XS MAX,4e39yyS,qDmIB81,0,0,0,0,1,1,0,0
JyWFOSKn8bq,BVBHfzr1nihuoRJ,x77mVzjDWx8hV8e,ios,True,,,,1,1,0,0,0,0,0,0
,BZaS8V1Hzprp8jg,3wDpe5soxJ0Nrxk,android,,,,,0,0,0,0,0,0,1,1
,BaAr9890WLOOIF2,VjqJ8Rol8tVqhmr,android,,,,,0,0,0,0,0,0,1,1
JyWFOSKn8bq,BdkIQZHR1UeKAOG,NWLgOyVPwG4a6Hb,android,True,,,,1,1,0,0,0,0,0,0
JyWFOSKn8bq,BeAaB3mNG0V23Di,gsIu9hGNRtXf5WP,android,True,,,,1,1,0,0,0,0,0,0
JyWFOSKn8bq,Bg3g2a0LIGD4Esf,tMjb5nVjauT63CB,ios,True,,,,1,1,0,0,0,0,0,0
JyWFOSKn8bq,Bl95riCtK9VLf1g,S6pzhnviYN4Ifwp,android,True,,,,1,1,0,0,0,0,0,0
OkIYT1HbF7u,BuUUgai6nlwQNUj,4b52bZMgKf3kjYn,android,True,,,,1,1,0,0,0,0,0,0
JyWFOSKn8bq,Bw8F7vto34jwJD7,Cktluw4rnPoOI6l,ios,True,APPLE IPHONE XS MAX,Rs2WWkH,XL7YJK7,0,0,0,0,1,1,0,0
